<?xml version="1.0" standalone="yes"?>
<NewDataSet>
  <Product>
    <ProductID quantity="10">1</ProductID>
    <Name>Adjustable Race</Name>
    <ProductNumber>AR-5381</ProductNumber>
    <MakeFlag>false</MakeFlag>
    <FinishedGoodsFlag>false</FinishedGoodsFlag>
    <SafetyStockLevel>1000</SafetyStockLevel>
    <ReorderPoint>750</ReorderPoint>
    <StandardCost>0.0000</StandardCost>
    <ListPrice>0.0000</ListPrice>
    <DaysToManufacture>0</DaysToManufacture>
    <SellStartDate>2002-06-01T00:00:00+05:30</SellStartDate>
    <rowguid>694215b7-08f7-4c0d-acb1-d734ba44c0c8</rowguid>
    <ModifiedDate>2008-03-11T10:01:36.827+05:30</ModifiedDate>
  </Product>
  <Product>
    <ProductID quantity="2">2</ProductID>
    <Name>Bearing Ball</Name>
    <ProductNumber>BA-8327</ProductNumber>
    <MakeFlag>false</MakeFlag>
    <FinishedGoodsFlag>false</FinishedGoodsFlag>
    <SafetyStockLevel>1000</SafetyStockLevel>
    <ReorderPoint>750</ReorderPoint>
    <StandardCost>0.0000</StandardCost>
    <ListPrice>0.0000</ListPrice>
    <DaysToManufacture>0</DaysToManufacture>
    <SellStartDate>2002-06-01T00:00:00+05:30</SellStartDate>
    <rowguid>58ae3c20-4f3a-4749-a7d4-d568806cc537</rowguid>
    <ModifiedDate>2008-03-11T10:01:36.827+05:30</ModifiedDate>
  </Product>
  <Product>
    <ProductID quantity="8">3</ProductID>
    <Name>BB Ball Bearing</Name>
    <ProductNumber>BE-2349</ProductNumber>
    <MakeFlag>true</MakeFlag>
    <FinishedGoodsFlag>false</FinishedGoodsFlag>
    <SafetyStockLevel>800</SafetyStockLevel>
    <ReorderPoint>600</ReorderPoint>
    <StandardCost>0.0000</StandardCost>
    <ListPrice>0.0000</ListPrice>
    <DaysToManufacture>1</DaysToManufacture>
    <SellStartDate>2002-06-01T00:00:00+05:30</SellStartDate>
    <rowguid>9c21aed2-5bfa-4f18-bcb8-f11638dc2e4e</rowguid>
    <ModifiedDate>2008-03-11T10:01:36.827+05:30</ModifiedDate>
  </Product>
  <Product>
    <ProductID quantity="9">4</ProductID>
    <Name>Headset Ball Bearings</Name>
    <ProductNumber>BE-2908</ProductNumber>
    <MakeFlag>false</MakeFlag>
    <FinishedGoodsFlag>false</FinishedGoodsFlag>
    <SafetyStockLevel>800</SafetyStockLevel>
    <ReorderPoint>600</ReorderPoint>
    <StandardCost>0.0000</StandardCost>
    <ListPrice>0.0000</ListPrice>
    <DaysToManufacture>0</DaysToManufacture>
    <SellStartDate>2002-06-01T00:00:00+05:30</SellStartDate>
    <rowguid>ecfed6cb-51ff-49b5-b06c-7d8ac834db8b</rowguid>
    <ModifiedDate>2008-03-11T10:01:36.827+05:30</ModifiedDate>
  </Product>
  <Product>
    <ProductID quantity="10">316</ProductID>
    <Name>Blade</Name>
    <ProductNumber>BL-2036</ProductNumber>
    <MakeFlag>true</MakeFlag>
    <FinishedGoodsFlag>false</FinishedGoodsFlag>
    <SafetyStockLevel>800</SafetyStockLevel>
    <ReorderPoint>600</ReorderPoint>
    <StandardCost>0.0000</StandardCost>
    <ListPrice>0.0000</ListPrice>
    <DaysToManufacture>1</DaysToManufacture>
    <SellStartDate>2002-06-01T00:00:00+05:30</SellStartDate>
    <rowguid>e73e9750-603b-4131-89f5-3dd15ed5ff80</rowguid>
    <ModifiedDate>2008-03-11T10:01:36.827+05:30</ModifiedDate>
  </Product>
  <Product>
    <ProductID quantity="13">317</ProductID>
    <Name>LL Crankarm</Name>
    <ProductNumber>CA-5965</ProductNumber>
    <MakeFlag>false</MakeFlag>
    <FinishedGoodsFlag>false</FinishedGoodsFlag>
    <Color>Black</Color>
    <SafetyStockLevel>500</SafetyStockLevel>
    <ReorderPoint>375</ReorderPoint>
    <StandardCost>0.0000</StandardCost>
    <ListPrice>0.0000</ListPrice>
    <DaysToManufacture>0</DaysToManufacture>
    <Class>L </Class>
    <SellStartDate>2002-06-01T00:00:00+05:30</SellStartDate>
    <rowguid>3c9d10b7-a6b2-4774-9963-c19dcee72fea</rowguid>
    <ModifiedDate>2008-03-11T10:01:36.827+05:30</ModifiedDate>
  </Product>
  <Product>
    <ProductID quantity="26">318</ProductID>
    <Name>ML Crankarm</Name>
    <ProductNumber>CA-6738</ProductNumber>
    <MakeFlag>false</MakeFlag>
    <FinishedGoodsFlag>false</FinishedGoodsFlag>
    <Color>Black</Color>
    <SafetyStockLevel>500</SafetyStockLevel>
    <ReorderPoint>375</ReorderPoint>
    <StandardCost>0.0000</StandardCost>
    <ListPrice>0.0000</ListPrice>
    <DaysToManufacture>0</DaysToManufacture>
    <Class>M </Class>
    <SellStartDate>2002-06-01T00:00:00+05:30</SellStartDate>
    <rowguid>eabb9a92-fa07-4eab-8955-f0517b4a4ca7</rowguid>
    <ModifiedDate>2008-03-11T10:01:36.827+05:30</ModifiedDate>
  </Product>
  <Product>
    <ProductID quantity="10">319</ProductID>
    <Name>HL Crankarm</Name>
    <ProductNumber>CA-7457</ProductNumber>
    <MakeFlag>false</MakeFlag>
    <FinishedGoodsFlag>false</FinishedGoodsFlag>
    <Color>Black</Color>
    <SafetyStockLevel>500</SafetyStockLevel>
    <ReorderPoint>375</ReorderPoint>
    <StandardCost>0.0000</StandardCost>
    <ListPrice>0.0000</ListPrice>
    <DaysToManufacture>0</DaysToManufacture>
    <SellStartDate>2002-06-01T00:00:00+05:30</SellStartDate>
    <rowguid>7d3fd384-4f29-484b-86fa-4206e276fe58</rowguid>
    <ModifiedDate>2008-03-11T10:01:36.827+05:30</ModifiedDate>
  </Product>
  <Product>
    <ProductID quantity="10">320</ProductID>
    <Name>Chainring Bolts</Name>
    <ProductNumber>CB-2903</ProductNumber>
    <MakeFlag>false</MakeFlag>
    <FinishedGoodsFlag>false</FinishedGoodsFlag>
    <Color>Silver</Color>
    <SafetyStockLevel>1000</SafetyStockLevel>
    <ReorderPoint>750</ReorderPoint>
    <StandardCost>0.0000</StandardCost>
    <ListPrice>0.0000</ListPrice>
    <DaysToManufacture>0</DaysToManufacture>
    <SellStartDate>2002-06-01T00:00:00+05:30</SellStartDate>
    <rowguid>7be38e48-b7d6-4486-888e-f53c26735101</rowguid>
    <ModifiedDate>2008-03-11T10:01:36.827+05:30</ModifiedDate>
  </Product>
  <Product>
    <ProductID quantity="11">321</ProductID>
    <Name>Chainring Nut</Name>
    <ProductNumber>CN-6137</ProductNumber>
    <MakeFlag>false</MakeFlag>
    <FinishedGoodsFlag>false</FinishedGoodsFlag>
    <Color>Silver</Color>
    <SafetyStockLevel>1000</SafetyStockLevel>
    <ReorderPoint>750</ReorderPoint>
    <StandardCost>0.0000</StandardCost>
    <ListPrice>0.0000</ListPrice>
    <DaysToManufacture>0</DaysToManufacture>
    <SellStartDate>2002-06-01T00:00:00+05:30</SellStartDate>
    <rowguid>3314b1d7-ef69-4431-b6dd-dc75268bd5df</rowguid>
    <ModifiedDate>2008-03-11T10:01:36.827+05:30</ModifiedDate>
  </Product>
  <Product>
    <ProductID quantity="13">322</ProductID>
    <Name>Chainring</Name>
    <ProductNumber>CR-7833</ProductNumber>
    <MakeFlag>false</MakeFlag>
    <FinishedGoodsFlag>false</FinishedGoodsFlag>
    <Color>Black</Color>
    <SafetyStockLevel>1000</SafetyStockLevel>
    <ReorderPoint>750</ReorderPoint>
    <StandardCost>0.0000</StandardCost>
    <ListPrice>0.0000</ListPrice>
    <DaysToManufacture>0</DaysToManufacture>
    <SellStartDate>2002-06-01T00:00:00+05:30</SellStartDate>
    <rowguid>f0ac2c4d-1a1f-4e3c-b4d9-68aea0ec1ce4</rowguid>
    <ModifiedDate>2008-03-11T10:01:36.827+05:30</ModifiedDate>
  </Product>
  <Product>
    <ProductID quantity="45">323</ProductID>
    <Name>Crown Race</Name>
    <ProductNumber>CR-9981</ProductNumber>
    <MakeFlag>false</MakeFlag>
    <FinishedGoodsFlag>false</FinishedGoodsFlag>
    <SafetyStockLevel>1000</SafetyStockLevel>
    <ReorderPoint>750</ReorderPoint>
    <StandardCost>0.0000</StandardCost>
    <ListPrice>0.0000</ListPrice>
    <DaysToManufacture>0</DaysToManufacture>
    <SellStartDate>2002-06-01T00:00:00+05:30</SellStartDate>
    <rowguid>51a32ca6-65a1-4c31-af2b-d9e4f5d631d4</rowguid>
    <ModifiedDate>2008-03-11T10:01:36.827+05:30</ModifiedDate>
  </Product>
  <Product>
    <ProductID quantity="10">324</ProductID>
    <Name>Chain Stays</Name>
    <ProductNumber>CS-2812</ProductNumber>
    <MakeFlag>true</MakeFlag>
    <FinishedGoodsFlag>false</FinishedGoodsFlag>
    <SafetyStockLevel>1000</SafetyStockLevel>
    <ReorderPoint>750</ReorderPoint>
    <StandardCost>0.0000</StandardCost>
    <ListPrice>0.0000</ListPrice>
    <DaysToManufacture>1</DaysToManufacture>
    <SellStartDate>2002-06-01T00:00:00+05:30</SellStartDate>
    <rowguid>fe0678ed-aef2-4c58-a450-8151cc24ddd8</rowguid>
    <ModifiedDate>2008-03-11T10:01:36.827+05:30</ModifiedDate>
  </Product>
  <Product>
    <ProductID quantity="10">325</ProductID>
    <Name>Decal 1</Name>
    <ProductNumber>DC-8732</ProductNumber>
    <MakeFlag>false</MakeFlag>
    <FinishedGoodsFlag>false</FinishedGoodsFlag>
    <SafetyStockLevel>1000</SafetyStockLevel>
    <ReorderPoint>750</ReorderPoint>
    <StandardCost>0.0000</StandardCost>
    <ListPrice>0.0000</ListPrice>
    <DaysToManufacture>0</DaysToManufacture>
    <SellStartDate>2002-06-01T00:00:00+05:30</SellStartDate>
    <rowguid>05ce123c-a402-478e-ae9b-75d7727aeaad</rowguid>
    <ModifiedDate>2008-03-11T10:01:36.827+05:30</ModifiedDate>
  </Product>
</NewDataSet>